{
  "stats": [
    {
      "id": "01",
      "title": "Beneficiaries",
      "amount": "25.000"
    },
    {
      "id": "02",
      "title": "Youth",
      "amount": "45%"
    },
    {
      "id": "03",
      "title": "Years Running",
      "amount": "8"
    },
    {
      "id": "04",
      "title": "Women",
      "amount": "70%"
    }
  ],
  "courses": [
    {
      "id": "01",
      "title": "Εισαγωγή στο Storytelling",
      "imagePath": "/courses/storytelling.jpg",
      "price": {
        "early_bird": 300,
        "normal": 500
      },
      "dates": {
        "start_date": "2023-01-12",
        "end_date": "2023-02-05"
      },
      "duration": "3 weeks",
      "online": true,
      "description": "Το Digital Storytelling είναι μια μορφή διαδραστικού content marketing, που σκοπό έχει να παρουσιάσει μια ιστορία με τρόπο που να κεντρίζει το ενδιαφέρον του ακροατηρίου.  Σκοπός του εργαστηρίου είναι να δημιουργήσουμε την προσωπική μας ιστορία μέσα από τις γνώσεις και τις βιωματικές εμπειρίες που συνδέονται με αυτό που θέλουμε να προβάλουμε. Με αυτόν τον τρόπο αποκτούμε ένα ανταγωνιστικό μήνυμα που μπορεί να ξεχωρίσει στον χώρο του διαδικτύου."
    },
    {
      "id": "02",
      "title": "Excel Plus",
      "imagePath": "/courses/excel.jpg",
      "price": {
        "normal": 400,
        "early_bird": 200
      },
      "dates": {
        "start_date": "2023-01-15",
        "end_date": "2023-01-30"
      },
      "duration": "2 weeks",
      "online": true,
      "description": "Στο μάθημα αυτό θα μάθουμε πως μπορούμε να αξιοποιήσουμε τα εργαλεία που μας δίνει το Excel προκειμένου να χειριστούμε τα δεδομένα μας εύκολα και γρήγορα και να εμβαθύνουμε τις γνώσεις μας. Προαπαιτούμενη γνώση από το Βασικό Επίπεδο Excel."
    },
    {
      "id": "03",
      "title": "Εισαγωγή στο Internet",
      "imagePath": "/courses/internet.jpg",
      "price": {
        "early_bird": 500,
        "normal": 300
      },
      "dates": {
        "start_date": "2023-02-10",
        "end_date": "2023-03-10"
      },
      "duration": "1 month",
      "online": false,
      "description": "Tί είναι το Ίντερνετ; Aναρωτιέσαι πώς δημιουργήθηκε, τί δυνατότητες προσφέρει και πώς μπορείς να το χρησιμοποιήσεις στην καθημερινότητά σου με ασφάλεια; Αισθάνεσαι ότι ήρθε η στιγμή να αξιοποιήσεις το διαδίκτυο και να χαθείς στο ταξίδι της πληροφορίας, της επικοινωνίας και της διασκέδασης; Το Start Project προσφέρει ένα εισαγωγικό σεμινάριο στον κόσμο του Internet, ιδανικό για όσους θέλετε να γνωρίσετε τον χώρο."
    },
    {
      "id": "04",
      "title": "Eισαγωγή στο Canva",
      "imagePath": "/courses/canva.jpg",
      "price": {
        "early_bird": 800,
        "normal": 400
      },
      "dates": {
        "start_date": "2023-02-15",
        "end_date": "2023-03-15"
      },
      "duration": "1 month",
      "online": false,
      "description": "Το σεμινάριο απευθύνεται σε συμμετέχοντες που επιθυμούν να μάθουν πώς να επεξεργάζονται εικόνες και να δημιουργούν τα δικά τους γραφικά με εύκολο τρόπο. εικόνας. Χρησιμοποιώντας την online πλατφόρμα σχεδιασμού Canva θα φτιάξουμε εύκολα και γρήγορα δελεαστικά δημιουργικά. Αν θέλεις να ανεβάζεις ελκυστικές αναρτήσεις στο διαδίκτυο, αυτό το σεμινάριο είναι φτιαγμένο για σένα!"
    }
  ]
}
